first_name,middle_name,last_name,date_of_birth,email_address,phone_number,nationality,address,country_of_residence
Liam,A.,Smith,1990-05-21T00:00:00.000Z,liam.smith@example.com,+1000000001,American,"123 Elm St, New York, USA",USA
Emma,B.,Jones,1985-08-15T00:00:00.000Z,emma.jones@example.com,+1000000002,British,"456 King Rd, London, UK",UK
Noah,C.,Williams,1992-12-10T00:00:00.000Z,noah.williams@example.com,+1000000003,Canadian,"789 Maple Ave, Toronto, Canada",Canada
Olivia,D.,Brown,1988-07-05T00:00:00.000Z,olivia.brown@example.com,+1000000004,Australian,"321 Queen St, Sydney, Australia",Australia
Ava,E.,Davis,1995-03-30T00:00:00.000Z,ava.davis@example.com,+1000000005,Irish,"654 Castle St, Dublin, Ireland",Ireland
